    128,
    131,
    134,
    137,
    140,
    144,
    147,
    150,
    153,
    156,
    159,
    162,
    165,
    168,
    171,
    174,
    176,
    179,
    182,
    184,
    187,
    189,
    191,
    194,
    196,
    198,
    200,
    202,
    204,
    205,
    207,
    209,
    210,
    212,
    213,
    214,
    215,
    216,
    217,
    218,
    219,
    219,
    220,
    220,
    221,
    221,
    221,
    221,
    221,
    221,
    221,
    221,
    221,
    220,
    220,
    219,
    219,
    218,
    217,
    217,
    216,
    215,
    214,
    213,
    212,
    211,
    210,
    209,
    208,
    207,
    206,
    205,
    203,
    202,
    201,
    200,
    199,
    197,
    196,
    195,
    194,
    193,
    191,
    190,
    189,
    188,
    187,
    186,
    185,
    184,
    183,
    182,
    181,
    180,
    179,
    178,
    177,
    176,
    176,
    175,
    174,
    174,
    173,
    173,
    172,
    172,
    171,
    171,
    170,
    170,
    170,
    170,
    169,
    169,
    169,
    169,
    169,
    169,
    169,
    169,
    169,
    169,
    169,
    169,
    169,
    169,
    169,
    169,
    169,
    169,
    170,
    170,
    170,
    170,
    170,
    170,
    170,
    170,
    170,
    170,
    171,
    171,
    171,
    171,
    171,
    171,
    171,
    170,
    170,
    170,
    170,
    170,
    170,
    170,
    169,
    169,
    169,
    168,
    168,
    168,
    167,
    167,
    166,
    166,
    165,
    165,
    164,
    164,
    163,
    162,
    162,
    161,
    160,
    159,
    159,
    158,
    157,
    156,
    156,
    155,
    154,
    153,
    152,
    152,
    151,
    150,
    149,
    148,
    147,
    146,
    146,
    145,
    144,
    143,
    142,
    142,
    141,
    140,
    139,
    139,
    138,
    137,
    137,
    136,
    135,
    135,
    134,
    134,
    133,
    133,
    132,
    132,
    131,
    131,
    131,
    130,
    130,
    130,
    129,
    129,
    129,
    129,
    128,
    128,
    128,
    128,
    128,
    128,
    128,
    128,
    128,
    128,
    128,
    128,
    127,
    127,
    127,
    127,
    127,
    128,
    128,
    128,
    128,
    128,
    128,
    127,
    127,
    127,
    127,
    127,
    127,
    127,
    127,
    127,
    127,
    127,
    127,
    126,
    126,
    126,
    126,
    125,
    125,
    125,
    124,
    124,
    124,
    123,
    123,
    122,
    122,
    121,
    121,
    120,
    120,
    119,
    118,
    118,
    117,
    116,
    116,
    115,
    114,
    113,
    113,
    112,
    111,
    110,
    109,
    109,
    108,
    107,
    106,
    105,
    104,
    103,
    103,
    102,
    101,
    100,
    99,
    99,
    98,
    97,
    96,
    96,
    95,
    94,
    93,
    93,
    92,
    91,
    91,
    90,
    90,
    89,
    89,
    88,
    88,
    87,
    87,
    87,
    86,
    86,
    86,
    85,
    85,
    85,
    85,
    85,
    85,
    85,
    84,
    84,
    84,
    84,
    84,
    84,
    84,
    85,
    85,
    85,
    85,
    85,
    85,
    85,
    85,
    85,
    85,
    86,
    86,
    86,
    86,
    86,
    86,
    86,
    86,
    86,
    86,
    86,
    86,
    86,
    86,
    86,
    86,
    86,
    86,
    85,
    85,
    85,
    85,
    84,
    84,
    83,
    83,
    82,
    82,
    81,
    81,
    80,
    79,
    79,
    78,
    77,
    76,
    75,
    74,
    73,
    72,
    71,
    70,
    69,
    68,
    67,
    66,
    65,
    64,
    62,
    61,
    60,
    59,
    58,
    56,
    55,
    54,
    53,
    52,
    50,
    49,
    48,
    47,
    46,
    45,
    44,
    43,
    42,
    41,
    40,
    39,
    38,
    38,
    37,
    36,
    36,
    35,
    35,
    34,
    34,
    34,
    34,
    34,
    34,
    34,
    34,
    34,
    35,
    35,
    36,
    36,
    37,
    38,
    39,
    40,
    41,
    42,
    43,
    45,
    46,
    48,
    50,
    51,
    53,
    55,
    57,
    59,
    61,
    64,
    66,
    68,
    71,
    73,
    76,
    79,
    81,
    84,
    87,
    90,
    93,
    96,
    99,
    102,
    105,
    108,
    111,
    115,
    118,
    121,
    124,
